ID,t_r_vodacom,t_w_vodacom,SAL_area,price_m2
1,47.375843,86.289238,.44431821,2123.5408
2,198.96779,278.36234,1.4570343,1576.8141
3,162.42056,189.60155,1.150455,1371.1787
4,139.17191,180.58063,.87523335,1931.2333
5,85.514267,99.539001,.58795381,1637.6437
6,28.414024,34.792942,.23047484,1939.2549
7,24.090157,30.393581,.20929448,1570.9561
8,150.19174,240.18462,.7478168,1607.0836
9,40.968243,68.704361,.19458966,1369.0718
10,76.535591,119.9894,.37822476,1469.2477
11,230.82237,367.30942,1.616722,1056.8087
12,63.059765,73.368584,.40260932,49.068062
13,385.10037,544.4328,1.4320084,2231.9556
14,576.22455,722.90643,1.7865357,1772.4194
15,516.86914,612.52448,1.8884144,1904.3898
16,107.02882,136.52795,.66011304,2284.532
17,4.2230515,14.194695,.084049948,4126.3765
18,6.2308464,14.319179,.68221289,4644.582
19,15.586953,35.820553,1.706609,1.7696769
20,667.12891,2357.0793,21.706656,10789.375
21,41.003933,137.00024,.90790451,4080.2444
22,8.0231485,26.967739,.15968201,4233.1909
23,14.183437,47.891472,.28561699,28230.615
24,.65201998,1.7043242,.054037929,2466.4941
25,2.6222277,9.9414635,.044197343,5890.811
26,6.2247038,23.599272,.10491667,8974.9102
27,.56649953,2.1477289,.0095482897,7094.751
28,.77905369,2.9609563,.61737615,4982.3228
29,2.6944091,10.215119,.045413949,11523.218
30,1.7708918,6.7138548,.029848177,7724.9585
31,11.484976,43.54216,.1935779,7014.3101
32,476.1304,1123.0261,2.4443831,3545.3936
33,436.76389,1273.9908,.78786546,5113.2915
34,281.31149,693.66022,1.1578408,58.71484
35,284.25064,741.51556,1.1458862,4121.4214
36,3411.2554,9766.2754,3.7902777,25030.361
37,282.8334,868.26721,1.0131077,3086.459
38,352.50851,773.40961,1.7331998,5744.0981
39,314.07257,683.94226,1.6237212,5203.4663
40,35.393658,72.154144,.33229291,21785.658
41,61.830524,137.75104,.21651466,5878.124
42,411.68057,1724.0065,2.3139665,5538.3574
43,738.25726,2163.2048,2.2860796,5633.1387
44,398.79996,1307.1436,4.0252724,324.80225
45,74.200439,123.81742,.44083977,4594.499
46,143.00931,250.24478,.89047945,8244.8457
47,380.39313,855.48834,2.9765439,12894.719
48,42.145985,101.18223,.23269552,2765.2329
49,5.9496546,19.358694,.07328894,2314.8191
50,389.43692,3.9195647,.036813151,1608.6227
51,12.928093,52.640671,.088898659,7641.1909
52,99.918083,348.52881,.2047582,1949.7811
53,227.23987,691.28998,1.0597486,3479.668
54,501.27203,1201.4719,2.1106083,4982.3228
55,190.47844,476.36465,.51369804,5968.0078
56,20.227081,48.856426,.11597928,6391.4414
57,1006.6434,2566.6604,3.313525,4582.6431
58,18.561316,56.691708,.13936748,3141.5361
59,16.985334,48.283257,.072340891,6309.7935
60,6.3304429,18.891266,.0279203,3250.2351
61,48.098766,187.83337,.2506443,7969.4629
62,239.07413,853.03821,.37012273,8126.9927
63,78.165855,388.43561,.4098596,6159.6699
64,129.72981,225.14626,.31064197,2647.1021
65,555.02972,1013.5038,1.4241098,2199.6948
66,571.48865,1032.2689,1.3859366,2651.6492
67,124.15782,215.17329,.29761562,2581.4353
68,134.60689,241.81522,.32905614,2624.4966
69,142.92747,259.17044,.35085422,2556.7471
70,41.048107,73.382889,.12375503,2691.1287
71,38.021523,69.293869,.12952457,4133.3472
72,18.88616,34.926323,.070045382,2396.8516
73,270.61465,479.39633,.71344596,4085.4814
74,490.95044,942.36853,1.2517514,3768.0613
75,593.9248,1136.4258,1.3958452,5364.8936
76,151.80841,305.0632,.7727347,2151.0669
77,133.7231,224.59384,.64164573,2271.7192
78,1079.2477,1692.6238,2.6394498,3119.5854
79,752.45605,1272.5175,1.9029319,3343.7607
80,591.94019,1178.9292,1.5096034,22568.49
81,760.20538,2395.5176,3.131058,9928.4854
82,181.64272,661.78461,.79001647,2238.1536
83,1950.498,6037.585,4.4997687,18096.379
84,173.85677,575.7356,.77160293,12321.874
85,2028.9954,5781.7505,8.4888153,8370.6035
86,1313.0457,3699.4771,4.0037842,12833.814
87,1001.5351,3103.9536,1.6010532,15991.508
88,384.64218,1915.2582,.62932688,5960.2651
89,4349.5654,12099.379,9.3082352,15549.875
90,3142.2725,10068.601,39.220661,.76214117
91,274.52615,794.42285,.67696291,9784.9473
92,39.171127,110.38297,.39737305,7718.8965
93,441.52826,1159.3616,13.233158,1.9597169
94,349.37604,903.53827,3.2514284,.19544151
95,2752.4412,6955.7803,240.07935,19.151361
96,291.76538,465.85526,1.3000455,1458.1591
97,458.15335,617.2912,2.3672729,1697.3235
98,498.98892,952.987,1.3059757,1751.9509
99,141.46753,256.99445,.44493821,2908.9978
100,150.07774,206.27237,.68163711,1948.0702
101,202.71423,400.33405,.45089728,2420.6956
102,685.79474,1294.7825,4.2006397,13412.378
103,194.26207,323.05804,.92473423,2994.2566
104,2036.6655,4142.3018,32.300007,8593.582
105,33.744038,59.585999,.87378263,2468.6428
106,6.8869762,11.178781,.30092022,8057.7275
107,22.100498,51.383389,.24436752,6870.6528
108,78.700775,201.41876,.32020354,5067.6284
109,88.993561,213.41782,.27473,6445.0156
110,172.97003,396.92456,1.786533,12698.854
111,9.6986294,8.9269562,2.6859155,710.69659
112,1846.6971,3627.908,383.21689,100.3344
113,10441.79,21039.633,717.19208,10481.273
114,4288.7598,7837.9536,137.38385,9135.918
115,24.566225,30.718493,.71862918,399.63596
116,74.323013,94.509476,3.0870695,1209.9073
117,67.44857,87.865929,1.8800601,1135.6913
118,88.431152,149.86365,1.5369353,958.43835
119,291.21109,444.33548,3.3293252,1700.4808
120,415.02411,687.50177,11.446971,4982.3228
121,404.29071,914.37646,15.067809,46264.613
122,127.24173,185.83368,1.9192675,1483.8965
123,87.326904,146.29742,1.8215666,1446.0469
124,7.5971742,10.94224,.47786999,916.62872
125,14.240329,20.510403,.89573121,1507.5009
126,1233.451,2215.6133,85.079407,33.474258
127,.79164869,1.7604938,.61974913,2446.7268
128,189.6682,447.05518,19.332249,4982.3228
129,49.185028,114.71442,12.191017,11.283591
130,47.481838,111.60681,2.2526407,2790.3806
131,43.494129,101.37073,1.644119,5439.5747
132,729.91931,1627.2875,15.956003,8552.1982
133,3.4638674,9.5097027,3.1551247,476.11444
134,6.998373,11.353488,2.1078119,285.00354
135,6.399673,20.876015,.73919749,4982.3228
136,11.73095,20.293665,.83290988,795.92889
137,1.564633,2.7066977,.1110906,994.35449
138,175.61484,427.96878,7.4887128,4982.3228
139,352.07193,556.72272,1.3141462,14634.194
140,1023.7141,1554.2952,2.015528,12255.549
141,451.28787,726.5437,1.6718113,9357.4785
142,130.1498,192.90659,.71307874,8687.4531
143,1544.5,2490.4297,2.4940114,5147.6904
144,1081.653,1786.0294,3.5663421,7121.356
145,316.42984,485.96603,2.2962875,7080.3257
146,249.42009,379.96042,1.0972017,3902.041
147,552.49463,914.71088,1.4334874,2623.4561
148,16.407316,24.703817,.030924438,54.590019
149,272.86075,537.90918,.81846792,6278.2705
150,176.33734,348.03986,.3384071,9486.7393
151,2652.7056,5027.9287,8.8739223,10665.891
152,91.781357,138.13817,.48281389,5107.811
153,192.49431,308.49081,.73773992,5529.9043
154,64.216652,131.88406,.29123577,11028.539
155,491.26944,969.8595,1.6830075,1220
156,481.5033,1029.2478,1.5788997,4151.8687
157,516.38055,1346.7366,3.0895081,755.62714
158,323.77426,629.1474,1.1094806,9648.377
159,428.47858,752.25824,1.8000779,5137.71
160,1419.5037,2996.5178,8.4458246,.95593339
161,117.07339,280.64215,.67905933,7888.1006
162,1301.4515,3195.3772,5.7348585,10605.567
163,1160.6974,4048.6501,6.1282001,5078.187
164,1442.4551,2744.1377,5.8890901,3374.019
165,169.87192,313.69589,1.1384041,4982.3228
166,171.93707,300.93539,1.4972104,7530.5151
167,51.732334,117.82996,.24487382,10539.315
168,221.67618,505.41086,.94143659,467.14075
169,94.078568,214.00835,.34698692,17669.365
170,734.47015,2355.2861,2.6698315,6121.0596
171,197.34392,489.336,.36446413,1444.6803
172,224.17728,558.03717,.49428597,4189.6938
173,1236.8099,2570.8408,5.8109016,5679.1309
174,84.458855,175.23064,1.0343257,5135.7158
175,157.76822,323.61273,1.1374398,7812.9131
176,409.47076,896.85095,1.3193947,5765.3613
177,134.06192,303.0643,.84297317,4550.689
178,34.441143,87.32151,.27620181,3816.5352
179,37.494549,77.479088,.49288276,4693.8379
180,99.782425,239.59589,.30731276,2844.6018
181,175.51067,328.25598,.43748346,2574.3638
182,156.09897,286.77637,.47964171,4297.0435
183,1136.2238,2647.8831,2.4333146,8388.0752
184,176.60724,384.07504,.87680465,4686.6997
185,337.01315,1089.9264,1.2681057,4068.6494
186,88.774681,353.00769,.68679667,6209.8462
187,429.52942,1525.8257,1.2109103,6059.4482
188,508.43021,1449.1748,.98236108,5253.2773
189,141.34302,279.46008,.42604503,2831.676
190,450.31915,914.91846,1.3040041,5860.895
191,458.81827,1198.6332,1.2544805,12360.864
192,549.00446,1315.9277,1.4530996,4435.1021
193,302.99921,846.19574,.75995433,5339.7793
194,566.76642,1477.3646,1.5688031,3335.3838
195,506.84409,1524.842,1.3791806,5276.5107
196,448.60751,1059.0347,1.5454597,3553.6846
197,706.97595,1467.0901,2.8077455,1928.5048
198,231.14999,381.32962,.81359637,1945.235
199,268.63422,494.19412,.8595711,3700.7268
200,209.68306,331.16025,.74837869,2539.5039
201,280.89334,545.03687,1.3269135,1708.0763
202,745.43378,1985.9836,3.3857129,4529.4668
203,109.30502,236.90898,.73047614,2333.2358
204,137.03658,220.38911,.76902825,2677.9905
205,65.240692,110.47954,1.1468374,8754.0225
206,78.348839,185.24771,1.6277279,11540.488
207,183.62311,486.10855,1.2431448,4091.4907
208,68.505295,168.36237,1.5154625,5085.6382
209,154.30911,249.70638,1.2815102,6741.085
210,20.778748,31.994371,.41841701,8015.1387
211,55.829025,111.36989,.31914479,3027.01
212,86.332947,195.7327,.33719963,9487.6934
213,53.636074,105.89141,.31394801,3472.1208
214,316.10178,673.41339,1.8686846,3934.3955
215,80.343735,193.58871,.44180757,3455.3496
216,132.44254,358.49637,.60564494,11350.434
217,47.674809,128.37428,.20921528,9578.7705
218,15.205658,51.212379,.06346371,15739.177
219,16.349297,45.483566,.06408187,11616.635
220,18.999151,49.750614,.059055541,16269.527
221,352.31531,1051.572,1.0469066,8311.5518
222,211.6519,486.29797,.59500021,5197.7788
223,29.931435,65.738457,.084482126,4201.3823
224,230.698,494.13763,.80676216,3189.7932
225,169.93614,372.78424,.61300826,5726.7656
226,29.280716,64.30928,.082645476,2596.5649
227,87.636368,192.41557,.24964102,6392.8296
228,114.17243,250.75708,.32225415,3918.5737
229,20.22476,44.41967,.057084836,3928.2832
230,588.59149,1775.0105,1.9621149,7321.1563
231,985.93945,3159.1155,2.8378048,4486.6968
232,460.66663,2037.3529,2.2045517,10860.857
233,15.223989,42.964233,.21058184,3653.8389
234,583.83704,1185.6514,3.6142118,3303.9788
235,37.70919,106.5039,.37539095,6043.3696
236,58.351707,138.87074,.11693458,4022.9238
237,28.098135,83.465889,.088902265,4454.4023
238,1050.0692,2579.0051,3.5390618,8764.5586
239,165.61957,491.97516,.52401888,4004.7629
240,910.24292,3846.5718,.93078709,11833.863
241,303.39185,1473.2816,.74390042,3365.4502
242,139.07166,397.31476,.35739493,8778.6924
243,156.69281,347.63199,.55532002,4431.6782
244,259.4021,547.99377,1.1218479,3856.9048
245,40.69249,88.305344,.12570845,2241.5593
246,74.497772,212.83318,.19144893,10713.653
247,201.83401,560.25171,.5715723,4200.5366
248,321.99725,694.06268,1.332571,10097.15
249,253.84059,539.81036,1.1440246,6787.1582
250,79.064972,148.32233,.45390001,3217.519
251,307.70892,758.53534,1.0316973,3619.4211
252,815.88556,2499.707,1.855348,5361.3818
253,30.883284,75.322197,.1437676,2462.2717
254,112.48598,391.02023,.14043471,6039.5229
255,30.032753,100.31681,.040634356,8386.8643
256,300.59863,1250.734,.90897524,6587.9883
257,208.55643,1005.7448,.29987288,1632.4537
258,259.53409,819.94165,1.1918561,3564.5576
259,56.091301,193.74942,.31265476,1818.8976
260,60.83395,168.87944,.40568152,1572.8075
261,8.9346399,26.57559,.062913269,2489.5898
262,45.472248,119.77536,.30568886,1693.3989
263,812.92413,2505.0291,5.6458354,1675.7214
264,312.15936,936.60938,1.493345,673.98218
265,14.068742,35.012367,.044050049,4298.3315
266,190.55653,560.05328,.50064766,2624.1646
267,23.795664,66.343071,.068790786,2066.3154
268,308.98209,930.97815,.73274904,11798.801
269,19.009668,46.306515,.088152125,2104.2876
270,209.04008,727.06189,.11392154,2855.2104
271,23.883953,83.411179,.031755473,2468.7075
272,389.43692,3.3737118,.031686436,5682.1387
273,16.768534,50.904091,.07422936,2098.7488
274,32.210491,80.456223,.11126696,3393.6587
275,61.687435,145.42528,.14640227,2216.1763
276,412.98151,966.11609,.87888855,4139.2676
277,172.74863,455.28879,.85977769,2261.0884
278,48.488716,97.899742,.15267146,3577.2612
279,150.90491,308.51431,.64512599,2081.415
280,261.14932,525.797,.88888073,7260.3584
281,388.2695,842.0332,2.3867466,2744.6426
282,29.360443,67.016609,.12198245,1385.4838
283,40.839237,94.877853,.26264927,1725.9098
284,112.65313,246.50099,.69212335,1881.4337
285,47.116608,105.43162,.20868036,1732.3773
286,47.862045,154.18719,.26769236,4982.3228
287,36.373199,100.313,.18863699,4808.855
288,195.45409,435.58444,.91993821,4982.3228
289,391.94037,1403.8558,2.1834285,4982.3228
290,268.62909,466.03165,2.0339301,4982.3228
291,41.654774,62.534904,.4830744,4963.8169
292,27.839203,41.778847,.320252,1080.4214
293,54.137726,74.645905,.74690652,7220.8101
294,120.0707,180.19249,1.3812497,2834.6431
295,7.3661613,11.054544,.084737644,2826.5247
296,57.991356,111.42006,.56153232,4766.1729
297,33.027737,83.908844,.23128137,2224.5859
298,40.649323,72.608444,.41738111,7398.1069
299,205.46521,581.34698,.78364372,2497.688
300,221.86261,426.39426,1.6020874,7005.1172
301,2.2250562,4.5278349,1.8275696,416.52676
302,21.782619,29.977692,.49480405,10472.025
303,12.212423,21.063488,.28969568,5095.4741
304,353.24673,645.72748,1.8823422,6629.3618
305,4.2028866,8.0753479,.10208311,3759.6409
306,66.496071,93.684151,.81486404,6175.3716
307,167.44499,306.18945,.73676085,2241.4395
308,49.70269,83.072678,.32506156,2600.446
309,42.177834,98.49543,.27916992,2500.312
310,57.407677,141.4966,.23126151,2266.6538
311,1921.9037,4750.9731,8.1414843,10243.578
312,18.987686,52.594799,.072732061,2414.6482
313,11.34614,21.805967,.081386253,3702.7688
314,91.461159,180.28259,.94147289,6423.4741
315,2.9488378,6.1902533,.05428398,3845.2007
316,154.70108,267.72058,.76022553,2770.5593
317,42.229786,80.641876,.1265669,8308.7842
318,29.084339,50.327988,.13962507,2641.4604
319,28.044981,47.185555,.14661911,3119.9692
320,29.834471,49.600433,.16128838,2783.8982
321,23.065176,38.368851,.12449206,2935.8745
322,946.474,1784.2081,3.4843018,9425.5127
323,44.203407,73.489098,.23896836,12777.995
324,266.65546,482.19104,.78542024,5365.9995
325,46.078396,96.7286,.848239,4329.7617
326,266.26477,569.49768,1.6653436,2454.6086
327,198.45876,398.40588,1.3214573,3787.2742
328,141.64549,295.5246,.73512787,3791.9402
329,344.54703,763.87433,.82129729,3568.103
330,306.96982,680.76031,.70505697,2861.4258
331,251.11848,554.16901,.84390706,4563.3691
332,115.83469,245.26045,.66653186,5755.9248
333,159.06775,360.63586,.62128747,3287.1572
334,86.320053,211.2227,.32222006,2440.2961
335,56.730274,150.55247,.43596917,4304.3052
336,175.38948,439.20798,.72847944,3060.5017
337,99.474525,288.27039,.66086715,4567.6362
338,37.619797,103.28339,.26980731,2852.4866
339,163.92957,652.08752,.14484097,12436.972
340,103.5182,183.76611,.36592421,6946.0684
341,1155.3921,2131.5112,3.5022781,5626.2866
342,157.61987,253.20619,.8597303,3147.127
343,396.98328,487.86411,1.8126509,5517.7314
344,351.85706,532.81683,3.1198258,441.14075
345,176.48541,302.38968,.86854064,2311.1377
346,197.19684,318.2298,.7052905,2533.6765
347,89.783356,164.53644,.47094184,2053.3086
348,201.73106,373.71494,.68979597,5583.9888
349,138.01974,244.73537,.48877257,2260.1992
350,240.80081,481.85574,.93751168,3402.1921
351,572.16431,1134.0425,1.9339515,3183.7729
352,247.70667,458.14087,1.0815519,1876.1388
353,314.23416,593.71429,1.7718046,1682.3778
354,357.0177,591.57886,2.9248786,1728.5524
355,179.10643,301.42435,1.8091229,948.95837
356,139.37799,192.60513,1.2635418,1605.1104
357,68.62561,93.384628,.22595394,1623.2786
358,201.79614,272.59747,.8661176,1000.6956
359,70.248451,95.496986,.19684044,1510.8823
360,455.11044,737.78729,1.4553758,2650.1226
361,399.26089,802.3172,1.3473724,2288.9468
362,263.21503,660.61743,.88233566,1432.8425
363,78.650597,106.88289,.2204446,1342.8838
364,469.16605,887.39069,1.1849856,1758.3256
365,78.409271,132.96043,.19486058,1452.5732
366,68.748558,92.053444,.20784567,1585.3528
367,489.25388,615.82928,2.3674653,3184.3152
368,627.23114,1149.5808,2.3461316,2979.3494
369,132.32481,159.82362,.57728487,2498.5703
370,420.61691,609.92938,7.9153128,1465.5535
371,48.126427,156.7935,.48598465,7870.521
372,176.96526,506.29141,.65275168,6647.8989
373,102.06097,314.40982,.45197096,.062542997
374,111.19729,315.80212,.34909153,6146.979
375,160.47618,390.49823,.39504412,7528.7197
376,1264.7687,2804.6528,3.7189054,9874.3799
377,30.010365,82.189606,.091297761,3386.1245
378,50.5909,120.9796,.15190685,1881.1863
379,180.89143,537.25653,.53110242,3426.3149
380,173.37387,498.18005,.62452841,3983.8284
381,330.30688,782.46033,1.1985954,3952.7129
382,418.67969,1034.7164,.87133503,4818.9658
383,773.11133,1707.808,1.4529319,6120.8052
384,94.073166,198.61232,.57028061,5803.2744
385,635.16614,1376.6519,1.5128908,4689.4609
386,29.46913,65.773872,.13622732,4391.5635
387,3.6761913,7.5557599,.030209402,5545.7437
388,9.3282394,19.14443,.077227794,4845.9507
389,554.77716,1214.7632,.32705295,8087.4302
390,1363.8025,3128.2805,4.0441847,6652.2744
391,33.241341,75.188698,.27869061,9860.6299
392,79.645149,163.54848,.66157699,5696.2168
393,45.326424,93.023834,.37525401,2285.4795
394,197.39888,468.15564,.66674823,8583.8447
395,64.951149,118.94067,.41128618,2575.3428
396,101.1322,142.44034,.54377818,3905.9058
397,1960.8956,3830.8677,10.572245,7683.7817
398,122.16225,304.16104,.45082384,7277.2158
399,822.25433,1694.1333,4.2108693,3895.7271
400,131.90762,246.6628,.60308588,3426.2412
401,28.970047,50.780247,.13588285,4663.3545
402,375.80331,914.93188,1.9111313,3141.5833
403,1188.7706,2012.0568,6.8382378,7401.6089
404,55.104431,120.95149,.20677716,1741.9132
405,219.60272,482.90927,.7229408,2680.0283
406,198.29132,390.0672,1.0101485,3002.9888
407,609.53357,1375.9901,1.6435871,3528.6814
408,252.39047,595.89722,.53955501,2804.8308
409,18.271835,36.844143,.37888211,3749.105
410,23.121244,59.333035,.17250422,2607.9197
411,279.47339,639.70697,.89802736,6203.502
412,55.506615,121.16433,.57062757,2024.0996
413,84.017029,189.68346,.36194095,1848.9868
414,599.93225,1167.3461,2.7781794,1866.6687
415,158.13728,393.56808,.74357003,3252.4988
416,73.053009,168.24919,.29553029,6788.6509
417,18.972328,55.102047,.39766183,4612.8843
418,70.027496,130.49196,.38267264,2452.1528
419,61.570557,127.53246,.2650905,2985.0005
420,107.62757,167.05247,.73324895,7193.0752
421,88.012718,133.12514,.76924068,2847.2939
422,36.538345,56.521385,.4287307,1070.7709
423,18.723806,29.952732,.30589896,20647.723
424,18.828007,30.433117,.33494914,4920.1172
425,29.174768,46.542652,.18916212,5089.208
426,118.1228,188.08394,.57380128,3661.5706
427,255.37582,417.27945,.99521238,8033.1963
428,115.18503,195.73914,.50295258,4581.1167
429,28.943398,66.333206,.14956446,1385.3955
430,247.52228,497.45444,1.7500892,3664.7429
431,1544.6344,2651.8091,25.051901,3509.0195
432,450.40253,720.32458,4.8227444,6370.9497
433,67.509842,109.76368,1.0762863,7700.1948
434,237.34032,451.92203,1.0483868,2184.3779
435,369.41949,707.38501,.95893365,10222.511
436,75.301247,132.77238,.33959031,2711.8469
437,171.3362,334.76175,.76576191,4826.6768
438,148.1832,290.01239,.70704073,2458.697
439,165.57301,288.86578,.77083486,1792.4545
440,144.74475,274.33063,.7931326,1768.4933
441,161.32661,276.06931,.74232638,1923.1118
442,219.90602,375.04456,.60387164,2562.4373
443,193.41534,284.63977,.64985162,3021.8752
444,65.024979,93.190857,.2288529,2043.3378
445,80.193398,129.1129,.29330212,1902.8672
446,100.54544,155.43851,.61297268,2078.5098
447,71.753403,113.45849,.49554682,1946.7291
448,62.010551,91.944305,.32126528,2185.8577
449,73.826965,107.91125,.38302979,2152.1067
450,89.679085,158.09409,.60216433,1705.1876
451,16.385799,24.725405,.072167352,1680.3761
452,32.076202,47.72142,.10563103,1690.8009
453,41.966244,59.441532,.24124527,1737.9127
454,25.137335,37.002853,.12286321,1844.973
455,97.869293,132.08394,.50086397,1735.7068
456,150.46521,205.76729,.48861051,2124.6301
457,109.17977,228.18439,.17460445,2762.915
458,230.66071,447.73401,.52003354,3139.7107
459,245.87819,510.36139,.38064423,4982.3228
460,360.50778,694.32477,1.0211698,3397.7991
461,564.10919,927.56842,2.1737275,3055.1267
462,107.63364,144.2626,.49676496,3182.7278
463,193.8063,281.85962,1.0580585,910.09241
464,230.75354,323.35788,1.2202405,3195.6248
465,210.98328,266.29047,1.0405093,3473.9421
466,35.016117,43.321049,.17635313,2002.3278
467,177.53128,258.3653,.99871069,4380.6968
468,90.681541,203.54225,.29966414,41.783169
469,439.97559,869.68896,2.1210337,3064.3979
470,258.64389,653.84985,1.5484818,2937.8455
471,838.67407,1449.5709,3.5923586,2654.1741
472,86.798264,124.37332,.48884904,905.30292
473,12.905085,15.965842,.064994417,2323.749
474,102.45802,125.56404,.51632643,2214.6384
475,95.215225,131.84195,.53852922,1620.172
476,266.51984,436.3136,1.3420832,898.13733
477,484.61398,697.31036,2.5498519,26.363667
478,827.4978,1078.2957,2.0838602,2487.7288
479,605.88239,780.47961,1.6790328,1370.3959
480,1993.6198,2551.9338,6.308917,2181.9119
481,561.30103,730.62439,1.7530693,1403.4479
482,394.41595,536.23486,.81801265,1156.4973
483,1091.4441,1526.301,3.4410832,1169.7114
484,145.98848,219.4718,.58973193,2197.3875
485,221.17793,409.22385,1.0370568,1360.3036
486,968.08124,1675.1027,3.7475262,1335.158
487,146.50783,218.81384,.6692158,3548.3557
488,239.29076,371.06805,.67835104,1787.6672
489,478.83881,723.35474,1.3105749,2410.7332
490,140.0239,273.45914,.45596159,1470.3472
491,259.56046,387.40027,.94712913,2049.7236
492,233.04675,365.9809,.4365333,2237.5908
493,76.087906,156.59995,.47414911,227.67126
494,3958.4065,8699.8535,22.179558,4498.9058
495,738.39215,1758.8279,2.7742236,3588.2383
496,286.6918,508.98965,1.2671313,315.96381
497,68.615921,123.16169,.3369267,2229.3555
498,316.81107,809.78625,1.4129096,3572.1919
499,225.37996,491.45004,.60653692,2101.998
500,198.91345,420.93646,.66964674,2942.2681
501,160.85548,381.44101,.76670349,2981.6309
502,169.38033,345.51706,.63494647,2826.2505
503,171.74628,397.25616,.76215112,2454.0886
504,115.78468,247.37871,.39331979,1535.2926
505,210.41306,463.71973,.85003132,2717.259
506,277.28714,427.55768,.73111653,1770.2595
507,137.43677,215.9397,.39681101,1208.8936
508,79.242599,150.39034,.39699596,2554.3625
509,70.704994,138.95448,.37286893,1809.0681
510,302.50549,1064.0197,.94794399,9518.1084
511,1008.5165,2846.7646,4.9830651,4.5773797
512,317.67526,737.98981,1.2588881,5134.9141
513,45.527824,91.812225,.38491723,7524.3877
514,846.36993,1640.7319,2.1898274,6407.4897
515,947.51569,1633.5032,2.4340162,5538.6475
516,776.77814,1618.3154,1.9565117,5065.8071
517,493.30481,1196.5996,1.5201521,4652.1289
518,61.046474,158.8661,.16649397,5395.6758
519,590.98053,1116.0098,3.1241148,1630.1334
520,693.57373,1326.7051,2.049258,2878.8203
521,345.50748,538.92572,.92282313,.079264425
522,530.89709,1258.4841,2.7322536,4719.0078
523,195.48965,524.01642,.42443547,4517.3687
524,141.48521,308.48721,.51874763,2065.8438
525,74.29142,169.64275,.37514183,8727.6055
526,1028.4978,2297.3345,3.5566235,4195.626
527,981.48151,2708.533,5.3969736,3704.8901
528,1902.5106,3251.875,4.4808931,4852.9014
529,1998.7577,3505.8477,5.1458483,1714.9064
530,988.97644,1749.7495,3.18677,2781.0229
531,897.78607,1850.6354,2.8533525,2530.2161
532,320.71497,785.29663,1.1218262,2180.1482
533,313.0098,751.3299,.68539,3891.1311
534,1066.172,2183.8091,2.1760373,3646.8472
535,171.20459,289.88718,.35961834,2604.0559
536,9.114048,15.947614,.02138616,1350
537,500.68832,1007.9938,1.4435503,3306.5581
538,343.45755,514.40082,.91172421,2165.6277
539,399.17374,671.03259,.95161569,2351.0564
540,273.72287,474.25897,.69524682,3122.1934
541,856.50281,1542.9839,3.0365593,2029.0629
542,561.00543,867.87689,1.932653,1788.7803
543,1525.5177,2228.2341,4.8583956,2020.0898
544,141.03769,224.46236,.26192355,1863.6364
545,168.09665,343.96216,.52042592,.74239051
546,233.23389,424.9931,.64928389,4982.3228
547,26.245607,69.75856,.1345147,4982.3228
548,6.1161456,16.256187,.031346634,4982.3228
549,22.979763,47.625435,.087501943,4982.3228
550,2810.4163,4345.5352,7.0864358,1551.6573
551,70.274857,110.33702,.25058141,363.48267
552,87.013008,142.14369,.40374401,4982.3228
553,633.27063,922.74292,1.516687,1995.1139
554,80.005028,116.83354,.17460646,3237.0322
555,12.253217,21.174828,.037161008,3372.9473
556,1113.5702,1710.146,2.7557883,1609.8815
557,7.581953,13.102401,.022994218,4982.3228
558,194.24132,362.72467,.87241125,1672.588
559,567.22583,1064.1327,1.824033,1661.6948
560,144.62717,233.88243,.69133383,571.74927
561,1400.2473,2546.6875,3.9916236,493.34412
562,192.10995,331.11884,.33714023,549.21936
563,1647.39,2446.5276,4.9259171,1884.0802
564,28.073893,55.862045,.43287045,117.77661
565,718.84296,1021.7112,2.3849173,1499.7844
566,163.19855,221.06778,.49987406,100.0872
567,1583.1887,2550.2378,4.4949436,1765.541
568,119.94065,177.81638,.62509859,1364.818
569,136.31644,192.35968,.56847316,1629.4579
570,164.61368,332.76199,1.709488,1391.0134
571,4365.8374,7843.0825,49.717941,658.46613
572,4321.3657,6065.1602,19.542761,1295.2389
573,180.06839,196.12079,.98974156,2069.1262
574,330.87833,367.26855,1.8450754,3825.6736
575,332.7175,384.1489,.99966002,8371.5771
576,30.873598,35.931595,.20158972,2806.3645
577,31.690142,34.635719,.06981793,6916.792
578,672.50684,755.58905,1.2841583,3589.5776
579,315.68005,440.89221,1.7260661,3838.7356
580,72.915802,114.06647,.43083984,1569.0812
581,128.97777,184.6223,.91069824,1584.0786
582,137.93437,196.97891,1.454519,2176.4775
583,117.10072,146.59251,.86181396,1750.6187
584,207.48563,270.64868,1.7936586,1879.7089
585,1072.1451,1646.422,9.0387974,3565.155
586,80.308136,140.40256,.38437405,1612.3999
587,73.025085,125.03362,.36945766,2220.0874
588,43.007774,71.920273,.23185572,1550.5938
589,27.563774,43.456299,.25011209,2420.2144
590,124.80231,171.25322,.78223372,1680.4963
591,375.23709,493.2688,1.4478116,2274.6318
592,210.26843,293.88635,.70787793,3679.335
593,282.34546,345.77582,.96586007,2496.0168
594,240.44099,303.1189,1.180321,2146.9441
595,41.662716,59.534565,.5520218,1563.791
596,63.706444,83.470261,.61161214,1338.0873
597,65.178375,87.00103,.67498773,2002.5887
598,19.013731,30.577585,.35666317,4134.1914
599,185.83334,379.67624,2.607053,4304.5859
600,3016.1021,5664.3633,39.329807,3648.0066
601,1057.9709,1638.4061,3.9810936,2025.2249
602,46.162163,68.429718,.24478459,2091.177
603,34.632034,51.337723,.18364365,2200.6782
604,52.075089,77.194901,.27613917,1748.1039
605,1775.1001,2459.4983,10.112134,94.533806
606,29.4788,48.2981,.10889575,1455.2202
607,597.30347,753.94781,1.1208738,2257.2322
608,402.38367,681.56274,2.0166194,2407.0938
609,55.765663,93.16703,.28301349,907.09259
610,77.597931,117.32947,.24596064,1852.3033
611,1462.1649,2235.561,6.9355068,4982.3228
612,521.12207,833.03937,1.8580115,1795.5887
613,178.39592,266.14819,.58649814,2565.1985
614,529.95819,808.19946,2.5819328,1921.9509
615,521.49231,955.55402,1.020295,2596.7207
616,84.227493,125.09674,.17636693,3330.8955
617,258.80136,387.12982,.58107305,2352.5234
618,211.42322,304.92499,.48494762,938.98596
619,510.9028,689.78009,2.6183968,1295.0123
620,975.52478,1560.6887,2.7052886,1820.9594
621,913.66272,1589.4585,2.7369752,2582.4065
622,25.076494,30.226009,.15476221,4982.3228
623,727.93134,1128.8098,2.5166488,1537.3396
624,562.61798,824.47375,1.8897166,1352.0791
625,115.22517,200.7867,.71924919,1475.5164
626,266.14722,424.69928,2.2200654,1509.7332
627,308.76694,539.27954,2.1357858,992.25549
628,1467.144,2410.125,5.7622828,.0064566117
629,818.78253,1207.1871,3.2634232,2594.6733
630,1606.3811,2457.0654,6.8403039,2560.9175
631,1130.8323,1688.8678,3.4813192,2816.5903
632,385.66467,606.30493,.55402112,1600.1428
633,1081.2758,1604.0961,3.3274658,2440.6931
634,172.00818,244.01009,1.0552567,2147.8821
635,695.70917,998.12024,3.3121684,3073.3909
636,1087.5189,2023.2336,3.4984777,3078.3699
637,238.53127,623.81061,1.1575537,6886.6743
638,1179.547,2017.5035,2.7630978,2546.1172
639,613.45068,1072.1405,2.3474627,2180.9299
640,1166.3705,1602.2491,6.2810369,1698.1003
641,946.75879,1496.671,4.5197144,2444.8662
642,1328.6058,2210.7988,11.951108,212.41284
643,54.882622,106.58243,.41474128,2669.0088
644,152.70244,296.54916,1.1539537,2908.5537
645,340.57669,510.1803,3.2556913,3006.0635
646,17.15539,26.494316,.32111299,2755.2732
647,592.3963,777.06622,4.111517,.014702206
648,1697.7899,2555.7476,7.2777109,2373.5977
649,458.65857,784.50409,1.8717939,1857.3259
650,1465.266,2190.3301,4.7145715,2922.8247
651,283.04611,432.71701,3.7071261,2894.9075
652,1504.3167,2336.0503,21.923075,3167.8931
653,45.729656,116.01678,1.5788411,2030.1514
654,197.35573,420.27621,.48712829,35966.051
655,2001.7656,5512.0532,1.3032923,26354.227
656,1924.218,4752.0913,2.9065597,33566.734
657,341.67114,662.33295,.42314228,26241.477
658,2477.9412,5355.3486,2.2949758,27528.779
659,677.89111,1469.1981,1.0551566,26705.068
660,275.02051,561.07721,.55020875,32390.02
661,2561.1133,5370.5405,6.8491039,9.0313396
662,942.87598,2511.9546,1.3750874,20931.367
663,597.31641,1862.0137,.44107163,30845.57
664,7701.2124,31919.469,3.7320912,24143.021
665,999.94904,3736.0046,3.3933227,38571.426
666,24.872032,87.351143,4.9451175,35906.449
667,329.58359,817.96027,1.7099572,1866.1683
668,636.33557,1319.783,2.7270877,2877.761
669,1262.7739,4279.3208,5.7200627,8170.7461
670,1693.4265,5622.3799,3.9824517,13616.676
671,1726.2711,6076.2534,4.4869323,18465.271
672,1373.3604,4947.7681,2.0548365,18305.342
673,2432.7942,5349.4961,2.7614117,23891.666
674,2228.4722,5378.9883,5.0537863,14215.769
675,4334.9854,12107.382,7.5645003,13960.688
676,915.39697,1839.8668,1.5214182,5379.4824
677,884.02136,1674.7526,1.0653625,4221.855
678,63.890747,119.24419,.15267035,3264.0112
679,21.743984,40.582458,.051958431,3244.9194
680,49.692493,212.72153,.66522908,23709.365
681,716.48749,1793.5215,1.3657815,24986.648
682,1063.2112,2553.803,1.6375651,24933.449
683,409.79803,1093.2725,.88989532,61138.668
684,361.96121,1004.9207,2.43609,27792.273
685,90.049004,211.15993,1.9567474,22816.217
686,439.47238,1218.4589,15.504606,1.4871149
687,92.346718,172.35556,.220433,3318.8792
688,98.175888,251.22972,2.6223655,1.2010649
689,494.07922,1372.8109,3.3599086,7777.8672
690,105.94923,233.88158,2.8931618,3489.8911
691,393.81839,1049.4307,3.365932,7915.5435
692,3372.6689,9112.7549,7.3549914,9897.5322
693,863.7276,1944.8839,2.4020565,3425.4353
694,806.26709,1729.2952,2.0348582,6115.9434
695,156.86768,321.25259,.43918961,7623.9355
696,530.30365,951.36377,1.0850334,2510.4773
697,100.15057,180.06035,.18951985,2304.0251
698,90.814392,161.30713,.17597996,2613.4849
699,70.849068,121.99277,.14536957,3237.7012
700,123.30716,284.02182,.44397011,3150.7473
701,291.79657,535.42584,.84269619,2740.6096
702,297.09866,598.54816,1.0713276,5029.8496
703,262.40805,561.77014,1.099667,5584.5522
704,797.93036,1767.3096,2.892278,4276.0068
705,398.21698,1043.6362,2.2144921,2018.2936
706,2044.5234,5213.1685,5.028069,13906.218
707,188.29886,397.06274,2.9293282,4413.5283
708,71.302269,159.7132,1.9760541,2061.4702
709,20.705721,68.306015,1.109912,1956.6729
710,9.5609503,26.752123,.68571973,906.09558
711,362.00003,898.24146,8.5676346,3317.5933
712,438.57642,1540.4429,1.7241598,4301.9458
713,18.482231,110.84518,.25363162,7068.1484
714,337.22678,662.39111,1.3541969,3939.8213
715,315.53934,550.27795,.86221474,3048.6243
716,358.28802,785.38702,1.7797675,6135.4229
717,476.87762,950.58521,1.6266134,9128.3691
718,73.655235,144.46651,.18123694,2250.6035
719,182.65355,471.85306,.83490568,10121.056
720,2678.5637,5982.3535,6.6483765,7900.6743
721,273.33163,920.68933,1.4210284,4994.2686
722,101.02715,287.65021,.75566298,4114.0815
723,377.43213,876.0578,1.0936882,16849.76
724,564.46484,1551.238,1.9487835,5230.7861
725,203.85977,512.81061,1.8727108,3438.8293
726,75.591629,289.70074,.3442916,3542.1667
727,8.8124075,46.254692,.078493014,8985.3369
728,72.242882,252.45163,.43117505,3478.4436
729,87.470245,241.99774,.8823669,3501.6218
730,58.191345,128.47452,.86016482,3581.3767
731,28.906898,62.470173,.67939967,2170.4375
732,98.670853,245.87254,.9449814,4986.9727
733,36.336956,85.850082,.38485348,2926.7305
734,106.69006,283.24289,.93538696,3591.5322
735,83.398033,232.27513,.74219251,3380.3416
736,1557.2142,3918.6125,3.6328843,5546.835
737,460.83771,894.2113,1.6110207,7403.8457
738,733.18378,1519.2289,2.305073,5268.04
739,959.25159,1957.8995,2.7701547,4874.2866
740,2108.5444,4054.1013,7.6558118,2774.1125
741,1491.949,4167.604,2.3189399,15605.636
742,79.560722,237.70741,.85568255,4032.6704
743,13.232277,36.14473,.14768,19910.18
744,102.23235,334.43445,1.5272841,5189.4185
745,294.93341,1001.7535,1.8140471,4982.3228
746,521.21558,1565.7272,2.208014,8418.6758
747,304.28754,846.95331,2.9400704,7184.9458
748,500.27536,1366.2505,5.6919031,11620.987
749,1231.8721,3149.0415,29.120802,.57669079
750,28.873692,76.365585,.45906499,18389.639
751,.13563468,.35872868,.051763635,4982.3228
752,21.807602,53.049694,.1500854,3211.575
753,110.85761,270.86325,2.0630651,26.25197
754,42.123276,83.893463,.82913709,2182.1152
755,311.26868,725.04022,6.3482747,4982.3228
756,55.154858,144.01706,.75266808,4747.7988
757,20.201237,52.748257,.27567518,4749.7197
758,81.776207,213.76569,1.1336622,26352.816
759,10.072963,26.301916,.13746019,2342.2148
760,18.590836,48.543274,.25369892,2757.332
761,299.08813,701.23602,3.3325961,2324.0295
762,106.18356,248.09552,2.4685762,1834.319
763,42.913883,105.20322,.93737566,3145.6035
764,88.968132,197.5011,.61857468,4024.5488
765,177.84332,398.99783,1.290146,6060.1484
766,15.898556,41.513355,.21695882,2305.0798
767,12.294893,32.103687,.16778164,2274.751
768,16.154007,43.900375,.34273851,21444.121
769,17.281158,45.123524,.23582648,2313.2366
770,9.0238047,23.562416,.12314291,1896.7961
771,18.499802,48.305573,.25245664,3497.8752
772,151.463,341.8414,2.6734064,3791.8618
773,85.546516,152.52863,.81625354,5116.585
774,174.8942,410.54553,.90323621,3617.4729
775,99.832581,216.71892,.52816594,6362.7217
776,131.19171,301.65454,.81697357,6334.6919
777,15.316154,41.389572,.35672092,4073.2786
778,3.4251018,11.248352,.14724937,3324.5598
779,8.5634432,30.268307,.44079855,3030.0276
780,20.22315,63.441521,.74681181,3155.4358
781,10.813624,25.090322,.24726342,8385.625
782,50.314701,131.09756,.59163636,2398.9043
783,170.99432,454.29062,1.4735812,2864.6882
784,5.1295347,18.130829,.26403999,6076.9321
785,10.966014,31.164125,.14360067,2313.6416
786,90.563919,283.37793,.1629892,10236.858
787,146.83894,514.08569,.26283535,2740.1328
788,64.521164,178.02838,.1575671,2291.7795
789,255.45258,640.99835,1.0450836,2521.5103
790,68.85714,165.15337,.72834468,2125.1572
791,50.392841,122.74285,.44889817,3021.6863
792,32.524876,71.054611,.65601957,4422.7905
793,37.387894,61.994324,2.2743082,9813.1055
794,66.58934,157.83307,.91905278,1348.9327
795,3214.6958,10151.594,27.930445,15973.877
796,64.037811,192.73386,.67116886,5752.5493
797,73.791573,171.16989,.38832295,3498.2136
798,178.07155,488.11734,1.0246645,1568.2178
799,146.18498,421.14764,.6389128,9127.1875
800,832.18823,2827.0598,1.2939588,6238.1274
801,239.56763,1023.2784,.46598038,7112.0029
802,55.76384,191.65179,.11922785,2842.0659
803,215.10333,558.78235,.91760254,3167.0508
804,72.262947,176.38042,.6272074,9303.5977
805,49.173168,114.94791,.49045673,8550.4688
806,11.160746,46.288231,.22803211,6827.6323
807,60.938644,234.36609,.20822787,2569.5027
808,21.634823,84.917854,.10406733,981.67572
809,71.736465,223.96503,.32146883,1276.3522
810,23.522984,76.107277,.1732953,1662.687
811,105.96182,288.47647,.56733352,3074.5781
812,177.7621,552.21613,.46799022,2185.9502
813,56.877457,174.07016,.16322972,1292.793
814,25.049948,80.882317,.18051413,4289.7173
815,11.381845,24.223232,.18029417,7146.5977
816,166.66769,399.25443,1.2792437,6807.4976
817,153.27605,341.52289,.7403391,3273.8159
818,118.42557,239.70305,.73938924,7234.8867
819,109.15364,233.22375,.55587435,5446.4976
820,59.583302,133.75943,.23748672,3919.7678
821,52.886509,127.83831,.45033836,7447.7573
822,17.68203,43.66037,.13031887,4951.2915
823,447.48587,911.98102,2.0030861,9846.6934
824,7.3669047,17.070831,.04939108,9851.3018
825,149.19881,334.0535,.60478264,16440.236
826,235.93988,477.56165,1.4730891,6155.1626
827,17.086245,34.547993,.10777008,910.86499
828,987.54669,2000.1512,11.33604,6104.0176
829,81.319496,162.16553,2.8769808,1470.1654
830,54.820145,110.7381,.18012485,5294.4907
831,954.15234,1776.1451,3.4293721,1324.6763
832,346.18271,576.22913,1.757885,1196.7766
833,138.47739,372.70248,.50232697,4740.3999
834,275.83087,809.71478,.96477538,5834.1338
835,67.406944,140.49011,.28649977,2582.6477
836,89.127335,234.41016,.27682257,2547.0637
837,127.58115,375.23895,.47853231,2599.8074
838,149.99763,332.91882,.4573282,4289.7578
839,62.311981,141.60754,.19612651,3216.1804
840,98.085251,245.83783,.29835308,3049.9229
841,2270.3892,5018.4194,4.9560647,9584.4932
842,34.826683,102.44752,.10497032,2484.2141
843,168.85565,451.13205,.45477885,6435.9229
844,478.11716,975.68805,.94019181,2307.6216
845,401.47659,753.73785,.78233039,7415.7202
846,443.47131,823.50818,1.0205679,4196.1421
847,547.84955,1227.6548,.46682209,10653.369
848,494.78305,1032.9235,1.0443994,3999.4702
849,185.96315,318.7366,.56921124,2276.5369
850,302.97638,508.10849,1.5697821,1779.1427
851,443.97607,809.87891,3.2071013,1404.1057
852,389.43692,857.41193,.15565999,1636.298
853,389.43692,857.41193,.55282062,1497.1758
854,178.3331,283.1456,.93492848,1856.944
855,400.3147,655.10999,1.0747573,12124.164
856,484.88321,975.85858,9.1674366,252.47903
857,149.19218,236.87758,.63766325,2268.6453
858,3323.0789,6318.1709,275.64795,1094.3694
859,219.75032,500.93427,26.698174,.5803867
860,39.387867,49.184349,.19694887,239.31204
861,183.54745,323.16895,1.1977962,1147.7606
862,1086.0374,2119.5632,4.3064737,6236.6733
863,127.84913,250.33008,1.5638616,7139.4907
864,162.45723,320.12076,3.5787106,2352.2209
865,15.667813,37.999374,.73140007,10041.598
866,266.49838,558.0343,4.0931697,4982.3228
867,264.7226,555.33716,1.5555211,6618.0742
868,149.1181,337.5871,.73566383,11948.189
869,653.37531,1637.7267,3.5429902,9541.4033
870,36.036598,94.377243,.53399229,17204.105
871,14.825599,29.473421,1.8869165,2856.4646
872,464.00638,1042.0087,12.712447,1682.1307
873,19.407284,45.057934,.32190365,4426.8315
874,28.097694,66.037193,.19978803,5129.8364
875,58.039745,140.0567,.57059091,4033.2688
876,7.2552476,22.684263,.29541284,15611.502
877,12.379453,32.126831,.21926631,.0068482831
878,263.9444,647.54028,2.3003294,2059.48
879,124.80994,327.51492,1.4254421,5705.1118
880,249.42659,628.14557,2.2403569,6043.1318
881,276.83301,626.04657,1.4119496,5553.8813
882,350.89578,719.50281,8.9841452,2354.0715
883,59.917042,112.43346,2.3358927,4260.312
884,5.8383679,12.179939,.029152947,2182.5537
885,108.11939,225.62245,.57285088,1763.2465
886,702.69897,1576.4243,6.6179514,3507.4153
887,22.904009,50.032043,.15937957,3589.1262
888,423.89673,1002.5198,6.0360236,4058.9351
889,1202.3031,3440.876,11.478716,6930.8335
890,100.47558,259.60968,1.7578459,9253.3037
891,17.332565,37.821926,.32139975,5790.5034
892,38.609394,129.7755,.77443373,3952.6382
893,1.9526489,7.6180582,.058702014,10781.003
894,1.5436409,6.2654796,.087734841,8232.623
895,.82225668,3.3374553,.053643879,12625.255
896,.5844366,2.3721681,.028605308,5432.1504
897,5.2988253,21.507387,.27702352,4761.5327
898,19.572289,79.441902,.97845131,5953.1406
899,55.756611,132.90999,.88916355,6437.5146
900,238.47835,522.43353,3.7276564,5721.623
901,192.53116,404.91321,3.6894093,4583.5259
902,83.734703,160.68196,2.5561657,2069.7153
903,41.448833,69.737473,.86504394,6242.1416
904,505.88785,903.34772,4.6056652,4924.8159
905,9.454834,19.007263,.59473073,3402.363
906,11.400125,17.767107,.38650051,3580.8391
907,15.317225,21.377056,.35917613,4406.0181
908,3.0541234,6.1397724,.19211137,6534.5918
909,12.037095,20.83548,.54131669,3769.7563
910,3.9782977,5.4738274,.088257574,2429.5857
911,456.53162,722.73517,4.4014592,7502.3486
912,50.494492,78.029144,.37487701,13476.882
913,77.555916,139.47794,.50040835,.80840743
914,88.43512,158.27306,.71523273,5504.3525
915,34.969597,62.576641,.17102511,1262.6602
916,4.0416222,8.1249628,.25422734,3350.0935
917,.057128783,.07860475,.043194126,4982.3228
918,1.4245981,2.6436274,.17276521,7760.2715
919,27.638515,57.762936,5.4428716,5749.1675
920,12.527408,50.847458,.65430027,5406.2539
921,.29141161,.23065324,.11492112,4496.4971
