"V1","V2","V3"
0.1357143,0.0642857,0.8
0.2570481,0.0613599,0.681592
0.0597015,0.0746269,0.8656716
0.1448598,0.0794393,0.7757009
0.25,0.25,0.5
0.1551724,0.0862069,0.7586207
0.1358025,0.0246914,0.8395061
0.056338,0.028169,0.915493
0.2142857,0.0714286,0.7142857
0.0232558,0.1627907,0.8139535
0.1272727,0.0909091,0.7818182
0.0902778,0.0763889,0.8333333
0.0595238,0.1547619,0.7857143
0.2142857,0.1285714,0.6571429
0.1466667,0.0733333,0.78
0.2380952,0.1071429,0.6547619
0.0816327,0.3163265,0.6020408
0.3333333,0.047619,0.6190476
0.2,0.2,0.6
0.2222222,0.037037,0.7407407
0.1794872,0.1025641,0.7179487
0.2336449,0.0373832,0.728972
0.0882353,0.0882353,0.8235294
0.125,0.125,0.75
0.1842105,0.1052632,0.7105263
0.1034483,0.137931,0.7586207
0.2295082,0.0327869,0.7377049
0.4,0.1,0.5
0.1388889,0.0833333,0.7777778
0.0666667,0.0666667,0.8666667
0.0833333,0.0833333,0.8333333
0.375,0.125,0.5
0.0344828,0.137931,0.8275862
0.1751592,0.0477707,0.77707
0.1699346,0.0305011,0.7995642
0.1095238,0.0642857,0.8261905
0.0574713,0.2471264,0.6954023
0.2421053,0.0315789,0.7263158
0.1978022,0.032967,0.7692308
0.2954545,0.0272727,0.6772727
0.1170213,0.1276596,0.7553192
0.1527778,0.0813492,0.765873
0.0483871,0.0645161,0.8870968
0.1535714,0.05,0.7964286
0.1096491,0.0657895,0.8245614
0.2183908,0.0344828,0.7471265
0.5,0.05,0.45
0.192029,0.0797101,0.7282609
0.2209302,0.1162791,0.6627907
0.142132,0.0507614,0.8071066
0.1826742,0.1412429,0.6760828
0.3207547,0.0471698,0.6320755
0.1,0.05,0.85
0.1594203,0.0144928,0.8260869
0.1,0.1,0.8
0.1428571,0.047619,0.8095238
0.0625,0.0625,0.875
0.2857143,0.0714286,0.6428571
0.1538462,0.0384615,0.8076923
0.2068966,0.0344828,0.7586207
0.0333333,0.0333333,0.9333333
0.2333333,0.0166667,0.75
0.325,0.025,0.65
0.1,0.1,0.8
0.1666667,0.1666667,0.6666667
0.1989796,0.0255102,0.7755102
0.1851852,0.037037,0.7777778
0.1632653,0.0816327,0.755102
0.1785714,0.047619,0.7738096
0.0588235,0.0588235,0.8823529
0.2941177,0.0294118,0.6764706
0.1363636,0.0227273,0.8409091
0.1818182,0.0454545,0.7727273
0.3333333,0.0952381,0.5714286
0.1428571,0.0714286,0.7857143
0.0909091,0.0909091,0.8181818
0.2,0.2,0.6
0.125,0.125,0.75
0.0731707,0.0243902,0.902439
0.1818182,0.0909091,0.7272727
0.0967742,0.0645161,0.8387097
0.1666667,0.1666667,0.6666667
0.0285714,0.0285714,0.9428571
0.0454545,0.0454545,0.9090909
0.25,0.25,0.5
0.0833333,0.0833333,0.8333333
0.0714286,0.0714286,0.8571429
0.2168675,0.0120482,0.7710843
0.2,0.2,0.6
0.1875,0.125,0.6875
0.3333333,0.3333333,0.3333333
0.0714286,0.0714286,0.8571429
0.0555556,0.0555556,0.8888889
0.0833333,0.0833333,0.8333333
0.0588235,0.0588235,0.8823529
0.0714286,0.0714286,0.8571429
0.25,0.25,0.5
0.03125,0.03125,0.9375
0.1960784,0.0196078,0.7843137
0.0909091,0.0909091,0.8181818
0.0638298,0.0212766,0.9148936
0.037037,0.037037,0.9259259
0.0625,0.0625,0.875
0.2,0.0666667,0.7333333
0.1666667,0.1666667,0.6666667
0.125,0.125,0.75
0.1142857,0.0571429,0.8285714
0.0416667,0.0416667,0.9166667
0.1,0.1,0.8
0.0555556,0.0555556,0.8888889
0.1052632,0.0526316,0.8421053
0.3333333,0.3333333,0.3333333
0.0526316,0.0526316,0.8947368
0.1111111,0.1111111,0.7777778
0.2,0.1,0.7
0.2222222,0.0555556,0.7222222
0.0909091,0.0909091,0.8181818
0.0833333,0.0833333,0.8333333
0.1111111,0.2222222,0.6666667
0.0714286,0.0714286,0.8571429
0.05,0.05,0.9
0.0909091,0.030303,0.8787879
0.2,0.2,0.6
0.0416667,0.0416667,0.9166667
0.0081967,0.0081967,0.9836066
0.0555556,0.0555556,0.8888889
0.16,0.04,0.8
0.0714286,0.0714286,0.8571429
0.0625,0.0625,0.875
0.0588235,0.0588235,0.8823529
0.0384615,0.0384615,0.9230769
0.3333333,0.0833333,0.5833333
0.0666667,0.0666667,0.8666667
0.1,0.1,0.8
0.1,0.1,0.8
0.0227273,0.0227273,0.9545454
0.5,0.25,0.25
0.0769231,0.0769231,0.8461539
0.0555556,0.0555556,0.8888889
0.1,0.1,0.8
0.0588235,0.0588235,0.8823529
0.05,0.05,0.9
0.0909091,0.0909091,0.8181818
0.1666667,0.1666667,0.6666667
0.05,0.05,0.9
0.125,0.125,0.75
0.0769231,0.0769231,0.8461539
0.0714286,0.0714286,0.8571429
0.1,0.1,0.8
0.0833333,0.0833333,0.8333333
0.0909091,0.0909091,0.8181818
0.1428571,0.1428571,0.7142857
0.0465116,0.0232558,0.9302326
0.1,0.1,0.8
0.2142857,0.0714286,0.7142857
0.25,0.25,0.5
0.3333333,0.3333333,0.3333333
0.0769231,0.0769231,0.8461539
0.0833333,0.0833333,0.8333333
0.1,0.1,0.8
0.25,0.25,0.5
0.0833333,0.0833333,0.8333333
0.0769231,0.0769231,0.8461539
0.0909091,0.0454545,0.8636364
0.25,0.25,0.5
0.05,0.05,0.9
0.25,0.25,0.5
0.2047244,0.015748,0.7795275
0.1272727,0.0272727,0.8454546
0.2619048,0.0238095,0.7142857
0.2380952,0.047619,0.7142857
0.6078432,0.0196078,0.372549
0.2142857,0.0714286,0.7142857
0.2142857,0.0357143,0.75
0.1397059,0.0073529,0.8529412
0.2222222,0.0222222,0.7555556
0.0322581,0.0322581,0.9354839
0.1212121,0.030303,0.8484849
0.2708333,0.0208333,0.7083333
0.1803279,0.0163934,0.8032787
0.3333333,0.3333333,0.3333333
0.1458333,0.0208333,0.8333333
0.5238096,0.047619,0.4285714
0.3333333,0.3333333,0.3333333
0.2907489,0.0352423,0.6740088
0.0645161,0.0645161,0.8709677
0.160221,0.0497238,0.7900553
0.0666667,0.0666667,0.8666667
0.1923077,0.0384615,0.7692308
0.12,0.04,0.84
0.1,0.1,0.8
0.0454545,0.0454545,0.9090909
0.0769231,0.0769231,0.8461539
0.0588235,0.1176471,0.8235294
0.3333333,0.3333333,0.3333333
0.3,0.1,0.6
0.0666667,0.0666667,0.8666667
0.3333333,0.1666667,0.5
0.125,0.125,0.75
0.0625,0.0625,0.875
0.1643836,0.0136986,0.8219178
0.1818182,0.0909091,0.7272727
0.2916667,0.0416667,0.6666667
0.1,0.1,0.8
0.4705882,0.0588235,0.4705882
0.125,0.125,0.75
0.0909091,0.0454545,0.8636364
0.1666667,0.1666667,0.6666667
0.2,0.2,0.6
0.0277778,0.0277778,0.9444444
0.0909091,0.0909091,0.8181818
0.1428571,0.0714286,0.7857143
0.0384615,0.0384615,0.9230769
0.3333333,0.3333333,0.3333333
0.1267606,0.084507,0.7887324
0.25,0.05,0.7
0.2083333,0.0416667,0.75
0.0952381,0.0952381,0.8095238
0.0434783,0.0434783,0.9130435
0.037037,0.1481481,0.8148148
0.2727273,0.0909091,0.6363636
0.0833333,0.0833333,0.8333333
0.3333333,0.3333333,0.3333333
0.2653061,0.0204082,0.7142857
0.0638298,0.0638298,0.8723404
0.1129032,0.0322581,0.8548387
0.4852941,0.0073529,0.5073529
0.0322581,0.016129,0.9516129
0.0985916,0.056338,0.8450704
0.1923077,0.0384615,0.7692308
0.0714286,0.2857143,0.6428571
0.3333333,0.3333333,0.3333333
0.25,0.25,0.5
0.3333333,0.3333333,0.3333333
0.0714286,0.2142857,0.7142857
0.1,0.1,0.8
0.3333333,0.3333333,0.3333333
0.1111111,0.1111111,0.7777778
0.25,0.25,0.5
0.2941177,0.1176471,0.5882353
0.3333333,0.3333333,0.3333333
0.3333333,0.3333333,0.3333333
0.3333333,0.3333333,0.3333333
0.3333333,0.3333333,0.3333333
0.3333333,0.3333333,0.3333333
0.3333333,0.3333333,0.3333333
0.3333333,0.3333333,0.3333333
0.3333333,0.3333333,0.3333333
0.3333333,0.3333333,0.3333333
0.3333333,0.3333333,0.3333333
0.3333333,0.3333333,0.3333333
0.3333333,0.3333333,0.3333333
0.3333333,0.3333333,0.3333333
0.3333333,0.3333333,0.3333333
0.3333333,0.3333333,0.3333333
0.3333333,0.3333333,0.3333333
0.3333333,0.3333333,0.3333333
0.3333333,0.3333333,0.3333333
0.3333333,0.3333333,0.3333333
0.3333333,0.3333333,0.3333333
0.3333333,0.3333333,0.3333333
0.3333333,0.3333333,0.3333333
0.3333333,0.3333333,0.3333333
0.3333333,0.3333333,0.3333333
0.3333333,0.3333333,0.3333333
0.3333333,0.3333333,0.3333333
0.3333333,0.3333333,0.3333333
0.3333333,0.3333333,0.3333333
0.3333333,0.3333333,0.3333333
0.3333333,0.3333333,0.3333333
0.3333333,0.3333333,0.3333333
0.3333333,0.3333333,0.3333333
0.3333333,0.3333333,0.3333333
0.3333333,0.3333333,0.3333333
0.3333333,0.3333333,0.3333333
0.0357143,0.0357143,0.9285714
0.125,0.125,0.75
0.0833333,0.0833333,0.8333333
0.1666667,0.1666667,0.6666667
0.0833333,0.0833333,0.8333333
0.0333333,0.0333333,0.9333333
0.1,0.1,0.8
0.0125,0.0125,0.975
0.1111111,0.1111111,0.7777778
0.0769231,0.0769231,0.8461539
0.0810811,0.0135135,0.9054054
0.0588235,0.0588235,0.8823529
0.25,0.25,0.5
0.2033898,0.0508475,0.7457627
0.2857143,0.0714286,0.6428571
0.3,0.1,0.6
0.048951,0.013986,0.9370629
0.3030303,0.030303,0.6666667
0.0588235,0.0588235,0.8823529
0.1428571,0.1428571,0.7142857
0.0790274,0.0364742,0.8844985
0.1259259,0.0444444,0.8296296
0.046875,0.078125,0.875
0.0434783,0.0144928,0.942029
0.0833333,0.0833333,0.8333333
0.0526316,0.0526316,0.8947368
0.0483871,0.0483871,0.9032258
0.0588235,0.0588235,0.8823529
0.0285714,0.0571429,0.9142857
0.0322581,0.0322581,0.9354839
0.025641,0.025641,0.948718
0.2307692,0.0769231,0.6923077
0.0294118,0.0294118,0.9411765
0.2,0.2,0.6
0.125,0.125,0.75
0.1,0.1,0.8
0.1111111,0.1111111,0.7777778
0.0235294,0.0352941,0.9411765
0.1428571,0.1428571,0.7142857
0.125,0.125,0.75
0.25,0.25,0.5
0.1666667,0.1666667,0.6666667
0.0344828,0.0344828,0.9310345
0.0714286,0.0714286,0.8571429
0.0909091,0.0909091,0.8181818
0.0909091,0.0909091,0.8181818
0.0769231,0.0769231,0.8461539
0.0909091,0.0909091,0.8181818
0.25,0.25,0.5
0.04,0.04,0.92
0.1,0.15,0.75
0.0666667,0.0666667,0.8666667
0.0909091,0.0909091,0.8181818
0.0243902,0.0243902,0.9512195
0.0625,0.125,0.8125
0.027027,0.027027,0.9459459
0.1818182,0.0909091,0.7272727
0.0285714,0.0285714,0.9428571
0.0666667,0.0666667,0.8666667
0.0208333,0.0208333,0.9583333
0.0625,0.0625,0.875
0.0315789,0.0105263,0.9578947
0.0238095,0.0238095,0.952381
0.1333333,0.0666667,0.8
0.0833333,0.0416667,0.875
0.0416667,0.0416667,0.9166667
0.2,0.1,0.7
0.0416667,0.0416667,0.9166667
0.04,0.02,0.94
0.3333333,0.0555556,0.6111111
0.0357143,0.0357143,0.9285714
0.0625,0.0625,0.875
0.2307692,0.0769231,0.6923077
0.1111111,0.037037,0.8518519
0.0454545,0.0454545,0.9090909
0.125,0.125,0.75
0.0222222,0.0666667,0.9111111
0.3333333,0.047619,0.6190476
0.0526316,0.1052632,0.8421053
0.1,0.1,0.8
0.0833333,0.0833333,0.8333333
0.1666667,0.1666667,0.6666667
0.0714286,0.0714286,0.8571429
0.0471698,0.0377358,0.9150943
0.0714286,0.0714286,0.8571429
0.1136364,0.0454545,0.8409091
0.25,0.25,0.5
0.0416667,0.0416667,0.9166667
0.1111111,0.1111111,0.7777778
0.0714286,0.0714286,0.8571429
0.0555556,0.0555556,0.8888889
0.1111111,0.1111111,0.7777778
0.2,0.2,0.6
0.047619,0.047619,0.9047619
0.0833333,0.0833333,0.8333333
0.0588235,0.0470588,0.8941177
0.0909091,0.0909091,0.8181818
0.125,0.125,0.75
0.0490196,0.0098039,0.9411765
0.3333333,0.3333333,0.3333333
0.2,0.2,0.6
0.0491803,0.0163934,0.9344262
0.0526316,0.0526316,0.8947368
0.1428571,0.1428571,0.7142857
0.1,0.1,0.8
0.1428571,0.1428571,0.7142857
0.0285714,0.0285714,0.9428571
0.0357143,0.0714286,0.8928571
0.1666667,0.1666667,0.6666667
0.0909091,0.0909091,0.8181818
0.0217391,0.0217391,0.9565217
0.25,0.25,0.5
0.1428571,0.1428571,0.7142857
0.1111111,0.1111111,0.7777778
0.0666667,0.0666667,0.8666667
0.1333333,0.0333333,0.8333333
0.0909091,0.1363636,0.7727273
0.1666667,0.1666667,0.6666667
0.0810811,0.027027,0.8918919
0.0909091,0.0454545,0.8636364
0.0322581,0.0967742,0.8709677
0.0666667,0.0666667,0.8666667
0.106383,0.0212766,0.8723404
0.1041667,0.0208333,0.875
0.3333333,0.1111111,0.5555556
0.2727273,0.0909091,0.6363636
0.3333333,0.3333333,0.3333333
0.25,0.25,0.5
0.1546763,0.0323741,0.8129497
0.2727273,0.0454545,0.6818182
0.125,0.125,0.75
0.0454545,0.0227273,0.9318182
0.4230769,0.0384615,0.5384616
0.0714286,0.0357143,0.8928571
0.1666667,0.0833333,0.75
0.4705882,0.0588235,0.4705882
0.0652174,0.0543478,0.8804348
0.0322581,0.0322581,0.9354839
0.3235294,0.0147059,0.6617647
0.1538462,0.0384615,0.8076923
0.5,0.1,0.4
0.4210526,0.0526316,0.5263158
0.0714286,0.0714286,0.8571429
0.2432432,0.027027,0.7297297
0.25,0.03125,0.71875
0.245283,0.0188679,0.7358491
0.1111111,0.1111111,0.7777778
0.0833333,0.0277778,0.8888889
0.2316017,0.0757576,0.6926407
0.3285714,0.1428571,0.5285714
0.2391304,0.0396419,0.7212276
0.1417323,0.1338583,0.7244095
0.1914894,0.0283688,0.7801418
0.0416667,0.0416667,0.9166667
0.1428571,0.1428571,0.7142857
0.1428571,0.1428571,0.7142857
0.3333333,0.3333333,0.3333333
0.25,0.25,0.5
0.1111111,0.1111111,0.7777778
0.1153846,0.0384615,0.8461539
0.25,0.25,0.5
0.1333333,0.0666667,0.8
0.2,0.2,0.6
0.0344828,0.0344828,0.9310345
0.027027,0.0540541,0.9189189
0.0136986,0.0958904,0.890411
0.1111111,0.0555556,0.8333333
0.25,0.25,0.5
0.2,0.2,0.6
0.1,0.1,0.8
0.1111111,0.1111111,0.7777778
0.0909091,0.0909091,0.8181818
0.25,0.25,0.5
0.0833333,0.0833333,0.8333333
0.25,0.25,0.5
0.0769231,0.0769231,0.8461539
0.0168067,0.0168067,0.9663866
0.0645161,0.0322581,0.9032258
0.1428571,0.1428571,0.7142857
0.1666667,0.1666667,0.6666667
0.0909091,0.0909091,0.8181818
0.05,0.05,0.9
0.075,0.025,0.9
0.1363636,0.0454545,0.8181818
0.125,0.0416667,0.8333333
0.0357143,0.1071429,0.8571429
0.4318182,0.0227273,0.5454546
0.1666667,0.0555556,0.7777778
0.2391304,0.0434783,0.7173913
0.1578947,0.0526316,0.7894737
0.2601626,0.0325203,0.7073171
0.125,0.0625,0.8125
0.1666667,0.1666667,0.6666667
0.1111111,0.0555556,0.8333333
0.05,0.05,0.9
0.2521009,0.0336134,0.7142857
0.1395349,0.0232558,0.8372093
0.2235294,0.0235294,0.7529412
0.04,0.04,0.92
0.1351351,0.027027,0.8378378
0.1111111,0.1111111,0.7777778
0.0666667,0.0666667,0.8666667
0.25,0.25,0.5
0.1,0.05,0.85
0.25,0.25,0.5
0.3333333,0.3333333,0.3333333
0.3333333,0.3333333,0.3333333
0.3333333,0.3333333,0.3333333
0.3333333,0.3333333,0.3333333
0.3333333,0.3333333,0.3333333
0.0634921,0.031746,0.9047619
0.0506329,0.0126582,0.9367089
0.0714286,0.0714286,0.8571429
0.0357143,0.0357143,0.9285714
0.2142857,0.0714286,0.7142857
0.08,0.02,0.9
0.1666667,0.0555556,0.7777778
0.3333333,0.3333333,0.3333333
0.3333333,0.3333333,0.3333333
0.3333333,0.3333333,0.3333333
0.3333333,0.3333333,0.3333333
0.3333333,0.3333333,0.3333333
0.3333333,0.3333333,0.3333333
0.3333333,0.3333333,0.3333333
0.3333333,0.3333333,0.3333333
0.3333333,0.3333333,0.3333333
0.3333333,0.3333333,0.3333333
0.3333333,0.3333333,0.3333333
0.3333333,0.3333333,0.3333333
0.3333333,0.3333333,0.3333333
0.3333333,0.3333333,0.3333333
0.3333333,0.3333333,0.3333333
0.3333333,0.3333333,0.3333333
0.3333333,0.3333333,0.3333333
0.3333333,0.3333333,0.3333333
0.3333333,0.3333333,0.3333333
0.3333333,0.3333333,0.3333333
0.3333333,0.3333333,0.3333333
0.3333333,0.3333333,0.3333333
0.3333333,0.3333333,0.3333333
0.3333333,0.3333333,0.3333333
0.3333333,0.3333333,0.3333333
0.3333333,0.3333333,0.3333333
0.3333333,0.3333333,0.3333333
0.3333333,0.3333333,0.3333333
0.3333333,0.3333333,0.3333333
0.3333333,0.3333333,0.3333333
0.3333333,0.3333333,0.3333333
0.3333333,0.3333333,0.3333333
0.3333333,0.3333333,0.3333333
0.3333333,0.3333333,0.3333333
0.3333333,0.3333333,0.3333333
0.3333333,0.3333333,0.3333333
0.3333333,0.3333333,0.3333333
0.3333333,0.3333333,0.3333333
0.2,0.2,0.6
0.5,0.25,0.25
0.4615385,0.0769231,0.4615385
0.1363636,0.0454545,0.8181818
0.3333333,0.5,0.1666667
0.1651376,0.0275229,0.8073394
0.0769231,0.0769231,0.8461539
0.0952381,0.047619,0.8571429
0.1782946,0.0620155,0.7596899
0.3853211,0.0642202,0.5504587
0.6666667,0.0833333,0.25
0.3902439,0.0487805,0.5609756
0.1621622,0.0135135,0.8243243
0.1818182,0.0909091,0.7272727
0.15,0.025,0.825
0.1945701,0.081448,0.7239819
0.030303,0.030303,0.9393939
0.1037037,0.0074074,0.8888889
0.0952381,0.2380952,0.6666667
0.3770492,0.0655738,0.557377
0.12,0.16,0.72
0.05,0.1,0.85
0.1509434,0.0943396,0.754717
0.1,0.1,0.8
0.0263158,0.1842105,0.7894737
0.1333333,0.0333333,0.8333333
0.1,0.1,0.8
0.0108696,0.1413043,0.8478261
0.2794118,0.0882353,0.6323529
0.1428571,0.0892857,0.7678571
0.02,0.12,0.86
0.2067797,0.061017,0.7322034
0.0438596,0.0921053,0.8640351
0.1318182,0.0409091,0.8272727
0.2252252,0.1036036,0.6711712
0.2352941,0.0833333,0.6813725
0.2,0.0626866,0.7373134
0.1162791,0.0465116,0.8372093
0.25,0.1363636,0.6136364
0.2173913,0.0434783,0.7391304
0.0833333,0.0833333,0.8333333
0.1212121,0.2121212,0.6666667
0.1186441,0.0508475,0.8305085
0.0952381,0.0952381,0.8095238
0.0925926,0.1296296,0.7777778
0.0140845,0.0704225,0.915493
0.1320755,0.0754717,0.7924528
0.5714286,0.1428571,0.2857143
0.2307692,0.0461538,0.7230769
0.02,0.12,0.86
0.2272727,0.2272727,0.5454546
0.16,0.04,0.8
0.1428571,0.0714286,0.7857143
0.0555556,0.3888889,0.5555556
0.125,0.125,0.75
0.037037,0.1111111,0.8518519
0.3636364,0.0909091,0.5454546
0.1,0.1,0.8
0.1428571,0.0952381,0.7619048
0.0416667,0.0416667,0.9166667
0.0434783,0.0434783,0.9130435
0.4333333,0.0333333,0.5333334
0.1,0.1,0.8
0.3,0.1,0.6
0.0625,0.25,0.6875
0.25,0.25,0.5
0.0909091,0.0909091,0.8181818
0.2553191,0.0212766,0.7234042
0.3333333,0.3333333,0.3333333
0.0535714,0.0535714,0.8928571
0.4,0.2,0.4
0.0666667,0.2,0.7333333
0.027027,0.0810811,0.8918919
0.1111111,0.1111111,0.7777778
0.2941177,0.0588235,0.6470588
0.2857143,0.1428571,0.5714286
0.1666667,0.6666667,0.1666667
0.5,0.1666667,0.3333333
0.037037,0.3333333,0.6296296
0.1071429,0.1785714,0.7142857
0.5714286,0.2857143,0.1428571
0.0416667,0.125,0.8333333
0.1363636,0.0454545,0.8181818
0.1666667,0.0555556,0.7777778
0.0185185,0.1851852,0.7962963
0.0961538,0.3525641,0.551282
0.1886792,0.0943396,0.7169811
0.3513514,0.027027,0.6216216
0.125,0.125,0.75
0.5757576,0.0606061,0.3636364
0.1454545,0.0909091,0.7636364
0.0909091,0.0909091,0.8181818
0.6,0.2,0.2
0.5263158,0.0263158,0.4473684
0.0882353,0.0588235,0.8529412
0.2307692,0.0769231,0.6923077
0.5,0.2,0.3
0.0465116,0.1162791,0.8372093
0.5217391,0.173913,0.3043478
0.25,0.25,0.5
0.125,0.25,0.625
0.1666667,0.1666667,0.6666667
0.1428571,0.1428571,0.7142857
0.6666667,0.1666667,0.1666667
0.137931,0.0344828,0.8275862
0.9230769,0.0192308,0.0576923
0.5,0.25,0.25
0.25,0.25,0.5
0.1538462,0.0769231,0.7692308
0.0344828,0.0689655,0.8965517
0.125,0.125,0.75
0.3333333,0.3333333,0.3333333
0.0666667,0.0666667,0.8666667
0.1,0.1,0.8
0.25,0.25,0.5
0.6944444,0.0277778,0.2777778
0.3333333,0.3333333,0.3333333
0.8333333,0.0555556,0.1111111
0.1351351,0.0810811,0.7837838
0.3333333,0.1666667,0.5
0.1666667,0.3333333,0.5
0.0136986,0.0273973,0.9589041
0.1666667,0.1666667,0.6666667
0.030303,0.1212121,0.8484849
0.2,0.2,0.6
0.1,0.4,0.5
0.0638298,0.1914894,0.7446808
0.1428571,0.1428571,0.7142857
0.047619,0.1428571,0.8095238
0.04,0.12,0.84
0.0588235,0.5882353,0.3529412
0.0769231,0.0769231,0.8461539
0.0217391,0.1521739,0.8260869
0.25,0.25,0.5
0.1428571,0.3571429,0.5
0.25,0.25,0.5
0.0909091,0.3636364,0.5454546
0.0833333,0.4166667,0.5
0.0571429,0.0571429,0.8857143
0.1818182,0.3636364,0.4545455
0.1666667,0.0238095,0.8095238
0.1111111,0.1111111,0.7777778
0.1666667,0.1666667,0.6666667
0.25,0.25,0.5
0.1666667,0.5,0.3333333
0.125,0.0416667,0.8333333
0.1492537,0.0447761,0.8059701
0.3333333,0.3333333,0.3333333
0.2432432,0.0810811,0.6756757
0.3,0.1,0.6
0.3333333,0.3333333,0.3333333
0.1111111,0.1111111,0.7777778
0.1428571,0.1428571,0.7142857
0.1666667,0.1666667,0.6666667
0.3333333,0.0533333,0.6133333
0.1,0.1,0.8
0.4444444,0.0185185,0.537037
0.0833333,0.25,0.6666667
0.2,0.2,0.6
0.3333333,0.3333333,0.3333333
0.2,0.2,0.6
0.1,0.1,0.8
0.12,0.08,0.8
0.3333333,0.3333333,0.3333333
0.25,0.25,0.5
0.0909091,0.1818182,0.7272727
0.0909091,0.5454546,0.3636364
0.1666667,0.1666667,0.6666667
0.3333333,0.0833333,0.5833333
0.0769231,0.0769231,0.8461539
0.3333333,0.3333333,0.3333333
0.2142857,0.0714286,0.7142857
0.3809524,0.047619,0.5714286
0.25,0.25,0.5
0.1333333,0.2666667,0.6
0.0555556,0.0555556,0.8888889
0.0909091,0.0909091,0.8181818
0.2,0.4,0.4
0.0526316,0.0526316,0.8947368
0.3636364,0.0909091,0.5454546
0.25,0.125,0.625
0.25,0.25,0.5
0.25,0.25,0.5
0.0555556,0.2222222,0.7222222
0.2156863,0.0980392,0.6862745
0.2,0.4,0.4
0.3333333,0.3333333,0.3333333
0.1304348,0.0869565,0.7826087
0.0555556,0.4444444,0.5
0.0555556,0.0555556,0.8888889
0.0588235,0.2058824,0.7352941
0.1052632,0.131579,0.7631579
0.2857143,0.047619,0.6666667
0.2162162,0.1891892,0.5945946
0.1944444,0.1944444,0.6111111
0.375,0.25,0.375
0.3333333,0.3333333,0.3333333
0.0285714,0.0857143,0.8857143
0.1578947,0.1052632,0.7368421
0.125,0.125,0.75
0.0526316,0.1052632,0.8421053
0.1818182,0.0909091,0.7272727
0.2352941,0.0588235,0.7058824
0.25,0.25,0.5
0.1428571,0.0714286,0.7857143
0.1666667,0.1666667,0.6666667
0.1666667,0.0833333,0.75
0.0681818,0.0454545,0.8863636
0.1395349,0.0232558,0.8372093
0.05,0.1,0.85
0.1,0.1,0.8
0.2,0.2,0.6
0.0709677,0.0709677,0.8580645
0.1404494,0.0617978,0.7977528
0.0181818,0.0909091,0.8909091
0.2592593,0.1481481,0.5925926
0.0917431,0.0275229,0.880734
0.0952381,0.1904762,0.7142857
0.0869565,0.0434783,0.8695652
0.0701754,0.1052632,0.8245614
0.0434783,0.1304348,0.8260869
0.0704225,0.1830986,0.7464789
0.075,0.1,0.825
0.16,0.16,0.68
0.1428571,0.1,0.7571428
0.08,0.12,0.8
0.3571429,0.0571429,0.5857143
0.0740741,0.0740741,0.8518519
0.0153846,0.0923077,0.8923077
0.1216931,0.1111111,0.7671958
0.031746,0.031746,0.9365079
0.0882353,0.0588235,0.8529412
0.0863309,0.0935252,0.8201439
0.0638298,0.212766,0.7234042
0.1428571,0.0666667,0.7904762
0.11875,0.09375,0.7875
0.1781609,0.0747126,0.7471265
0.1666667,0.0277778,0.8055556
0.1607143,0.0357143,0.8035714
0.1355932,0.0508475,0.8135593
0.0909091,0.0909091,0.8181818
0.2142857,0.0714286,0.7142857
0.1428571,0.0714286,0.7857143
0.0588235,0.0588235,0.8823529
0.1,0.0333333,0.8666667
0.2758621,0.1034483,0.6206896
0.1076923,0.0615385,0.8307692
0.0847458,0.1016949,0.8135593
0.0144928,0.1304348,0.8550724
0.0693069,0.049505,0.8811881
0.1530945,0.0651466,0.781759
0.3103448,0.0344828,0.6551724
0.1390729,0.0662252,0.794702
0.1034483,0.1034483,0.7931035
0.1016949,0.0338983,0.8644068
0.2836879,0.0212766,0.6950355
0.1607143,0.0357143,0.8035714
0.2815534,0.1067961,0.6116505
0.1353384,0.1052632,0.7593985
0.0190476,0.1333333,0.8476191
0.1372549,0.0808824,0.7818627
0.0128205,0.1282051,0.8589743
0.1336634,0.0742574,0.7920792
0.1352785,0.0503979,0.8143236
0.0666667,0.1555556,0.7777778
0.1007752,0.0503876,0.8488372
0.1836735,0.0408163,0.7755102
0.2368421,0.0263158,0.7368421
0.1201923,0.1057692,0.7740384
0.2962963,0.037037,0.6666667
0.2608696,0.0434783,0.6956522
0.0869565,0.0434783,0.8695652
0.1962264,0.090566,0.7132075
0.2810458,0.0588235,0.6601307
0.1827411,0.0685279,0.748731
0.2727273,0.0909091,0.6363636
0.137931,0.0344828,0.8275862
0.25,0.0625,0.6875
0.1346154,0.0384615,0.8269231
0.425,0.05,0.525
0.1914894,0.106383,0.7021276
0.1023622,0.1653543,0.7322835
0.1235521,0.1351351,0.7413127
0.0778443,0.1197605,0.8023952
0.0810811,0.1711712,0.7477477
0.1132075,0.0471698,0.8396226
0.1034483,0.0862069,0.8103448
0.1788618,0.1626016,0.6585366
0.24,0.28,0.48
0.2222222,0.1111111,0.6666667
0.0465116,0.255814,0.6976744
0.0129032,0.0129032,0.9741936
0.1142857,0.0857143,0.8
0.0666667,0.0666667,0.8666667
0.106383,0.070922,0.822695
0.1590909,0.1136364,0.7272727
0.1464968,0.0955414,0.7579618
0.0862069,0.25,0.6637931
0.0465116,0.1860465,0.7674419
0.03125,0.3125,0.65625
0.1875,0.03125,0.78125
0.0526316,0.0526316,0.8947368
0.0666667,0.0916667,0.8416666
0.1216931,0.0793651,0.7989418
0.0769231,0.1538462,0.7692308
0.4,0.2,0.4
0.2279412,0.0367647,0.7352941
0.0909091,0.0909091,0.8181818
0.1333333,0.0666667,0.8
0.1153846,0.2692308,0.6153846
0.3333333,0.3333333,0.3333333
0.1538462,0.0769231,0.7692308
0.0952381,0.0952381,0.8095238
0.0454545,0.1590909,0.7954546
0.1388889,0.1111111,0.75
0.0671141,0.1073826,0.8255033
0.2,0.2,0.6
0.0833333,0.1510417,0.765625
0.0227273,0.0454545,0.9318182
0.3333333,0.3333333,0.3333333
0.25,0.25,0.5
0.0454545,0.0568182,0.8977273
0.25,0.25,0.5
0.0769231,0.0769231,0.8461539
0.0650406,0.0650406,0.8699187
0.1111111,0.2222222,0.6666667
0.1666667,0.1666667,0.6666667
0.1,0.1,0.8
0.125,0.125,0.75
0.125,0.125,0.75
0.1428571,0.1428571,0.7142857
0.1666667,0.0416667,0.7916667
0.0909091,0.0454545,0.8636364
0.0666667,0.2666667,0.6666667
0.3333333,0.3333333,0.3333333
0.3333333,0.3333333,0.3333333
0.3333333,0.3333333,0.3333333
0.3333333,0.3333333,0.3333333
0.3333333,0.3333333,0.3333333
0.3333333,0.3333333,0.3333333
0.3333333,0.3333333,0.3333333
0.3333333,0.3333333,0.3333333
0.3333333,0.3333333,0.3333333
0.3333333,0.3333333,0.3333333
0.3333333,0.3333333,0.3333333
